Image,Age,Length
Mubar_104mm_13_13-07-16_TAK_MIM_L.tif,13,104
Mubar_107mm_26_09-07-16_TAK_MIM_L.tif,26,107
Mubar_195mm_09_03-10-16_MARKET_L.tif,09,195
Mubar_58mm_09_25-06-16_TAK_MIM_R.tif,09,58
Mubar_77mm_03_08-10-16_TAK_MIM_L.tif,03,77
Mubar_77mm_03_08-10-16_TAK_MIM_R.tif,03,77
Mubar_80mm_04_08-10-16_TAK_MIM_L.tif,04,80
Mulbar_07_148mm_06-08-18_STATION44_MEDITS_L.tif,07,148
Mulbar_131_182mm_08-09-18_STATION25_MEDITS_L.tif,131,182
Mulbar_137_186mm_08-09-18_STATION25_MEDITS_L.tif,137,186
Mulbar_139_190mm_08-09-18_STATION25_MEDITS_L.tif,139,190
Mulbar_186mm_32_05-09-16_SARWNIKOS_L.tif,32,186
Mulbar_186mm_33_05-09-16_SARWNIKOS_R.tif,33,186
Mulbar_203mm_36_05-09-16_SARWNIKOS_L.tif,36,203
Mulbar_205mm_35_05-09-16_SARWNIKOS_R.tif,35,205
Mulbar_42_126mm_04-08-18_STATION38_MEDITS_R.tif,42,126
Mulbar_42_130mm_31-07-18_STATION1_MEDITS_L.tif,42,130
